{"format": "layers-model", "generatedBy": "keras v2.3.0-tf", "convertedBy": "TensorFlow.js Converter v1.7.4r1", "modelTopology": {"keras_version": "2.3.0-tf", "backend": "tensorflow", "model_config": {"class_name": "Sequential", "config": {"name": "sequential", "layers": [{"class_name": "Embedding", "config": {"name": "embedding", "trainable": false, "batch_input_shape": [null, 942], "dtype": "float32", "input_dim": 9900, "output_dim": 100, "embeddings_initializer": {"class_name": "RandomUniform", "config": {"minval": -0.05, "maxval": 0.05, "seed": null}}, "embeddings_regularizer": null, "activity_regularizer": null, "embeddings_constraint": null, "mask_zero": false, "input_length": 942}}, {"class_name": "Dropout", "config": {"name": "dropout", "trainable": true, "dtype": "float32", "rate": 0.3, "noise_shape": null, "seed": null}}, {"class_name": "Bidirectional", "config": {"name": "bidirectional", "trainable": true, "dtype": "float32", "layer": {"class_name": "LSTM", "config": {"name": "lstm", "trainable": true, "dtype": "float32", "return_sequences": true, "return_state": false, "go_backwards": false, "stateful": false, "unroll": false, "time_major": false, "units": 326, "activation": "tanh", "recurrent_activation": "sigmoid", "use_bias": true, "kernel_initializer": {"class_name": "GlorotUniform", "config": {"seed": null}}, "recurrent_initializer": {"class_name": "Orthogonal", "config": {"gain": 1.0, "seed": null}}, "bias_initializer": {"class_name": "Zeros", "config": {}}, "unit_forget_bias": true, "kernel_regularizer": null, "recurrent_regularizer": null, "bias_regularizer": null, "activity_regularizer": null, "kernel_constraint": null, "recurrent_constraint": null, "bias_constraint": null, "dropout": 0.0, "recurrent_dropout": 0.0, "implementation": 2}}, "merge_mode": "concat"}}, {"class_name": "Dropout", "config": {"name": "dropout_1", "trainable": true, "dtype": "float32", "rate": 0.3, "noise_shape": null, "seed": null}}, {"class_name": "Bidirectional", "config": {"name": "bidirectional_1", "trainable": true, "dtype": "float32", "layer": {"class_name": "LSTM", "config": {"name": "lstm_1", "trainable": true, "dtype": "float32", "return_sequences": false, "return_state": false, "go_backwards": false, "stateful": false, "unroll": false, "time_major": false, "units": 625, "activation": "tanh", "recurrent_activation": "sigmoid", "use_bias": true, "kernel_initializer": {"class_name": "GlorotUniform", "config": {"seed": null}}, "recurrent_initializer": {"class_name": "Orthogonal", "config": {"gain": 1.0, "seed": null}}, "bias_initializer": {"class_name": "Zeros", "config": {}}, "unit_forget_bias": true, "kernel_regularizer": null, "recurrent_regularizer": null, "bias_regularizer": null, "activity_regularizer": null, "kernel_constraint": null, "recurrent_constraint": null, "bias_constraint": null, "dropout": 0.0, "recurrent_dropout": 0.0, "implementation": 2}}, "merge_mode": "concat"}}, {"class_name": "Dense", "config": {"name": "dense", "trainable": true, "dtype": "float32", "units": 1, "activation": "sigmoid", "use_bias": true, "kernel_initializer": {"class_name": "GlorotUniform", "config": {"seed": null}}, "bias_initializer": {"class_name": "Zeros", "config": {}}, "kernel_regularizer": null, "bias_regularizer": null, "activity_regularizer": null, "kernel_constraint": null, "bias_constraint": null}}], "build_input_shape": [null, 942]}}, "training_config": {"loss": "binary_crossentropy", "metrics": ["accuracy"], "weighted_metrics": null, "loss_weights": null, "sample_weight_mode": null, "optimizer_config": {"class_name": "Adam", "config": {"name": "Adam", "learning_rate": 0.0010000000474974513, "decay": 0.0, "beta_1": 0.8999999761581421, "beta_2": 0.9990000128746033, "epsilon": 1e-07, "amsgrad": false}}}}, "weightsManifest": [{"paths": ["group1-shard1of9.bin", "group1-shard2of9.bin", "group1-shard3of9.bin", "group1-shard4of9.bin", "group1-shard5of9.bin", "group1-shard6of9.bin", "group1-shard7of9.bin", "group1-shard8of9.bin", "group1-shard9of9.bin"], "weights": [{"name": "bidirectional/forward_lstm/lstm_cell_1/kernel", "shape": [100, 1304], "dtype": "float32"}, {"name": "bidirectional/forward_lstm/lstm_cell_1/recurrent_kernel", "shape": [326, 1304], "dtype": "float32"}, {"name": "bidirectional/forward_lstm/lstm_cell_1/bias", "shape": [1304], "dtype": "float32"}, {"name": "bidirectional/backward_lstm/lstm_cell_2/kernel", "shape": [100, 1304], "dtype": "float32"}, {"name": "bidirectional/backward_lstm/lstm_cell_2/recurrent_kernel", "shape": [326, 1304], "dtype": "float32"}, {"name": "bidirectional/backward_lstm/lstm_cell_2/bias", "shape": [1304], "dtype": "float32"}, {"name": "bidirectional_1/forward_lstm_1/lstm_cell_4/kernel", "shape": [652, 2500], "dtype": "float32"}, {"name": "bidirectional_1/forward_lstm_1/lstm_cell_4/recurrent_kernel", "shape": [625, 2500], "dtype": "float32"}, {"name": "bidirectional_1/forward_lstm_1/lstm_cell_4/bias", "shape": [2500], "dtype": "float32"}, {"name": "bidirectional_1/backward_lstm_1/lstm_cell_5/kernel", "shape": [652, 2500], "dtype": "float32"}, {"name": "bidirectional_1/backward_lstm_1/lstm_cell_5/recurrent_kernel", "shape": [625, 2500], "dtype": "float32"}, {"name": "bidirectional_1/backward_lstm_1/lstm_cell_5/bias", "shape": [2500], "dtype": "float32"}, {"name": "dense/kernel", "shape": [1250, 1], "dtype": "float32"}, {"name": "dense/bias", "shape": [1], "dtype": "float32"}, {"name": "embedding/embeddings", "shape": [9900, 100], "dtype": "float32"}]}]}